feature,importance
cat__test_balanced,0.32383460035488215
cat__test_split_roles,0.31273665310594656
num__producer_ratio,0.3018074861507397
num__threads,0.03784286290361081
num__ops_per_thread,0.0237783974848208
num__block_size,0.0
