feature,importance
num__producer_ratio,0.5053058496575845
num__threads,0.3139171150369203
num__ops_per_thread,0.15943957047539997
cat__test_balanced,0.01115966498383957
cat__test_split_roles,0.010177799846255739
num__block_size,0.0
