avg_oracle_ratio,best_fraction,num_best,num_workloads_seen,queue
0.4087491449888873,0.5128205128205128,60,93,sfq
0.8867378311503019,0.48717948717948717,57,93,broker
