avg_oracle_ratio,best_fraction,num_best,num_workloads_seen,queue
0.2995624776785989,0.21052631578947367,24,102,wfq
0.5924304774737863,0.5263157894736842,60,102,sfq
0.6566042545786623,0.2631578947368421,30,102,broker
